,Brand,Resolution,Size,Selling Price,Original Price,Operating System,Rating
1,TCL ,QLED Ultra HD,55,52999,129990,Android,4.4
2,REALME ,HD LED,32,13999,17999,Android,4.3
3,MI ,HD LED,32,14999,19999,Android,4.4
4,REALME ,HD LED,32,12999,21999,Android,4.3
5,ONEPLUS,HD LED,32,15999,19999,Android,4.3
6,ONEPLUS,Full HD LED,43,25999,29999,Android,4.3
7,TCL ,144Hz,65,57999,119990,Android,4.2
8,MI ,Full HD LED,40,21999,29999,Android,4.3
9,REALME ,144Hz,43,26999,32999,Android,4.3
10,MI ,144Hz,43,27999,34999,Android,4.3
11,HISENSE,144Hz,55,36999,49990,Android,4.4
12,MI ,144Hz,50,35999,41999,Android,4.3
13,MI ,HD LED,32,15499,19999,Android,4.3
14,MI ,HD LED,32,14999,19999,Android,4.3
15,HISENSE,144Hz,70,89999,119990,Android,4.4
16,LG ,HD LED,32,17499,21990,Linux,4.4
17,MI ,Full HD LED,43,25999,31999,Android,4.3
18,MI ,144Hz,55,45999,69999,Android,4.2
19,TOSHIBA,144Hz,43,27999,39990,VIDAA,4.3
20,MARQ BY FLIPKART,HD LED,32,9999,19999,,4.3
21,MI ,144Hz,43,31999,49999,Android,4.2
22,IFFALCON BY TCL,144Hz,55,32999,70990,Android,4.3
23,TCL ,144Hz,50,33999,62990,Android,4.4
24,ONEPLUS,Full HD LED,40,22499,27999,Android,4.3
25,COOCAA ,HD LED,32,10999,36990,Android,4.2
26,TOSHIBA,HD LED,32,12499,14990,VIDAA,4.4
27,MI ,Full HD LED,43,24999,34999,Android,4.3
28,SAMSUNG,144Hz,43,38990,54900,Tizen,4.3
29,MI ,144Hz,55,42999,49999,Android,4.3
30,LG ,Full HD LED,43,33490,40990,WebOS,4.4
31,INFINIX,Full HD LED,43,20499,24999,Android,4.2
32,MI ,144Hz,50,41999,59999,Android,4.2
33,INFINIX,HD LED,32,11999,17999,Android,4.2
34,LG ,144Hz,55,52999,79990,WebOS,4.4
35,VU,144Hz,55,46999,85000,Android,4.4
36,NOKIA ,144Hz,43,32999,48999,Android,4.4
37,VU,144Hz,43,31000,39999,Android,4.4
38,NOKIA ,144Hz,50,39999,59999,Android,4.4
39,THOMSON,144Hz,50,32999,40999,Android,4.4
40,THOMSON,HD LED,24,8499,10499,Android,4.1
41,MI ,QLED Ultra HD,55,58999,59999,Android,4.4
42,ONEPLUS,144Hz,55,49999,59999,Android,4.3
43,VU,144Hz,50,40999,65000,Android,4.4
44,LG ,144Hz,43,42990,59990,WebOS,4.5
45,IFFALCON BY TCL,144Hz,43,24999,47990,Android,4.3
46,NOKIA ,144Hz,43,31999,45999,Android,4.1
47,THOMSON,Full HD LED,42,20499,27999,Android,4.3
48,THOMSON,144Hz,55,34999,46999,Android,4.2
49,IFFALCON BY TCL,Full HD LED,43,21999,44990,Android,4.2
50,NOKIA ,144Hz,55,44999,62999,Android,4.4
51,SONY ,HD LED,32,25490,29900,Linux,4.5
52,THOMSON,144Hz,50,31999,42999,Android,4.2
53,KODAK ,144Hz,55,36999,47999,Android,4.4
54,MOTOROLA,144Hz,43,32999,46999,Android,4.3
55,THOMSON,Full HD LED,40,19499,21499,Android,4.4
56,SAMSUNG,HD LED,32,18490,20900,Tizen,4.3
57,LG ,144Hz,50,49999,64990,WebOS,4.4
58,IFFALCON BY TCL,144Hz,55,35999,106990,Android,4.3
59,THOMSON,HD LED,32,11999,14499,Android,4.4
60,MOTOROLA,QLED Ultra HD,50,45999,59999,Android,4.3
61,MOTOROLA,Full HD LED,40,24999,39999,Android,4.4
62,KODAK ,HD LED,32,12999,18499,Android,4.4
63,SAMSUNG,144Hz,50,51990,71400,Tizen,4.3
64,MOTOROLA,HD LED,32,20999,29999,Android,4.4
65,TCL ,QLED Ultra HD,50,45999,109990,Android,4.4
66,SONY ,Full HD LED,43,43490,44900,Linux,4.5
67,PHILIPS,144Hz,58,45999,89990,Android,4.2
68,COOCAA ,144Hz,55,34999,73990,Android,4.3
69,PHILIPS,144Hz,50,38999,69990,Linux,4.2
70,NOKIA ,QLED Ultra HD,55,54999,79999,Android,4.2
71,SONY ,Full HD LED,49,44999,69900,Android,4.5
72,KODAK ,Full HD LED,40,19499,20999,Android,4.4
73,KODAK ,Full HD LED,42,20499,27999,Android,4.4
74,MOTOROLA,144Hz,50,39999,54999,Android,4.3
75,ACER,HD LED,32,13999,19990,Android,3.9
76,TCL ,Full HD LED,55,41999,109990,Android,4.3
77,SAMSUNG,HD LED,32,16290,16400,Tizen,4.3
78,TCL ,144Hz,43,29999,51990,Linux,4.4
79,BLAUPUNKT,Full HD LED,42,20999,29999,Android,4.4
80,PHILIPS,Full HD LED,43,29999,44990,Android,4.2
81,NOKIA ,144Hz,55,39999,59999,Android,4.3
82,HISENSE,144Hz,55,46999,59990,Android,4.5
83,REALME ,144Hz,50,39999,42999,Android,4.3
84,SAMSUNG,QLED Ultra HD,55,76999,129900,Tizen,4.5
85,NOKIA ,HD LED,32,16499,19999,Android,4.3
86,PHILIPS,144Hz,50,42999,79990,Android,4.0
87,MI ,Full HD LED,43,24999,25999,Android,4.4
88,ACER,Full HD LED,42,21999,29990,Android,3.9
89,ACER,144Hz,50,34999,44990,Android,3.6
90,KODAK ,144Hz,43,25999,37999,Android,4.4
91,NOKIA ,144Hz,50,35999,54999,Android,4.3
92,COOCAA ,Full HD LED,42,18999,48990,Android,4.2
93,BLAUPUNKT,144Hz,50,34499,47999,Android,4.7
94,SAMSUNG,144Hz,55,55990,76900,Tizen,4.3
95,IFFALCON BY TCL,QLED Ultra HD,55,44999,126990,Android,4.3
96,THOMSON,144Hz,65,53999,70499,Android,4.4
97,SAMSUNG,Full HD LED,32,20880,24275,Tizen,4.2
98,IFFALCON BY TCL,Full HD LED,40,19999,36990,Android,4.3
99,BLAUPUNKT,144Hz,43,28999,41999,Android,4.7
100,THOMSON,144Hz,43,22999,29999,Android,4.3
101,ADSUN,HD LED,32,8699,16999,Android,3.8
102,LG ,144Hz,55,57999,89990,WebOS,4.5
103,SONY ,144Hz,43,44999,66900,Linux,4.5
104,SAMSUNG,QLED Ultra HD,50,84999,119900,Tizen,4.8
105,TCL ,144Hz,55,39999,75990,Android,4.4
106,ACER,144Hz,58,38999,59990,Android,4.0
107,THOMSON,144Hz,43,27999,37999,Android,4.4
108,SAMSUNG,QLED Ultra HD,50,68999,112900,Tizen,4.5
109,VU,144Hz,65,56999,75000,Android,4.4
110,TCL ,HD LED,32,16499,29990,Android,4.2
111,HISENSE,144Hz,43,29990,36990,Android,4.3
112,KODAK ,144Hz,55,34499,39990,Android,4.3
113,SONY ,Full HD LED,43,44900,44900,Linux,4.6
114,BLAUPUNKT,144Hz,55,39999,55999,Android,4.7
115,THOMSON,HD LED,32,11999,14990,Android,4.1
116,HISENSE,144Hz,43,30999,36990,Android,4.4
117,SAMSUNG,Full HD LED,43,32999,53900,Tizen,4.4
118,SAMSUNG,Full HD LED,43,36580,39900,Tizen,4.3
119,KODAK ,HD LED,24,8499,10499,Android,4.0
120,THOMSON,144Hz,55,34999,46999,Android,4.3
121,SONY ,144Hz,43,56720,72900,Linux,4.8
122,T-SERIES,HD LED,24,9990,12990,Android,
123,MOTOROLA,HD LED,32,17999,21799,Android,4.3
124,PANASONIC,144Hz,50,37999,42990,Android,4.2
125,MOTOROLA,QLED Ultra HD,55,55999,63999,Android,4.3
126,TCL ,Full HD LED,65,63999,159990,Android,4.3
127,COOCAA ,144Hz,43,23999,54990,Android,4.3
128,LG ,144Hz,55,65999,109990,WebOS,4.5
129,COOCAA ,144Hz,50,31499,64990,Android,4.3
130,TCL ,Full HD LED,43,27190,47990,Android,4.3
131,VU,144Hz,43,30999,36000,Android,4.3
132,TOSHIBA,Full HD LED,43,22499,26990,VIDAA,4.4
133,HISENSE,144Hz,58,41999,50990,Android,4.4
134,MOTOROLA,144Hz,65,56999,115399,Android,4.3
135,LG ,HD LED,32,24057,29990,WebOS,4.3
136,SAMSUNG,QLED Ultra HD,50,73990,119900,Tizen,4.3
137,NOKIA ,Full HD LED,43,26999,39999,Android,4.2
138,MICROMAX,HD LED,32,13299,19900,Android,4.4
139,KODAK ,144Hz,50,32999,42999,Android,4.4
140,MICROMAX,HD LED,39,18999,24990,Android,3.5
141,KODAK ,144Hz,50,30999,33999,Android,4.3
142,NOKIA ,144Hz,55,44999,59999,Android,4.1
143,IFFALCON BY TCL,144Hz,65,53999,106990,Android,4.3
144,PHILIPS,144Hz,58,41999,119990,Android,4.2
145,SANSUI ,144Hz,50,36990,45190,Android,4.5
146,SAMSUNG,QLED Ultra HD,43,59990,94900,Tizen,4.7
147,LG ,HD LED,32,19890,27990,Linux,4.3
148,ONEPLUS,144Hz,55,52999,59999,Android,4.3
149,MOTOROLA,144Hz,43,35999,49999,Android,4.4
150,SONY ,Full HD LED,43,46799,52900,Android,4.7
151,TCL ,Full HD LED,50,34999,89990,Android,4.3
152,SAMSUNG,144Hz,43,41900,49990,Tizen,
153,PANASONIC,144Hz,55,46999,109900,Linux,4.2
154,LG ,144Hz,43,41349,57990,WebOS,
155,SONY ,144Hz,43,67990,74900,Linux,4.7
156,SAMSUNG,HD LED,32,21600,22900,Tizen,4.5
157,SAMSUNG,QLED Ultra HD,65,121990,222900,Tizen,4.3
158,MOTOROLA,144Hz,65,66999,79999,Android,4.4
159,LG ,144Hz,65,83599,119990,WebOS,4.4
160,SAMSUNG,QLED Ultra HD,55,128999,169900,Tizen,4.6
161,SONY ,144Hz,49,75099,89900,Android,4.4
162,SONY ,144Hz,55,73999,99990,Linux,4.5
163,CROMA ,HD LED,32,10990,20000,Android,4.8
164,SAMSUNG,144Hz,50,57989,73900,Tizen,4.7
165,LG ,144Hz,65,129999,229900,WebOS,5.0
166,SAMSUNG,QLED Ultra HD,55,84990,134900,Tizen,4.7
167,SAMSUNG,144Hz,43,45400,56900,Linux,4.3
168,CROMA ,HD LED,24,7990,15000,Android,
169,LG ,144Hz,55,137490,299990,WebOS,
170,SAMSUNG,HD LED,32,29900,29900,Tizen,3.8
171,TCL ,HD LED,32,14339,22990,Android,4.3
172,LG ,144Hz,48,89999,169990,WebOS,2.7
173,TCL ,144Hz,65,146999,299990,Android,
174,LG ,144Hz,43,54990,54990,WebOS,4.4
175,LG ,144Hz,55,64999,93990,WebOS,4.3
176,LG ,HD LED,32,28401,30990,WebOS,4.4
177,SANSUI ,Full HD LED,43,27490,33990,Android,4.1
178,LG ,144Hz,43,43599,59990,WebOS,
179,SAMSUNG,144Hz,55,59990,88900,Tizen,
180,LG ,144Hz,55,76197,129990,WebOS,4.8
181,REALME ,Full HD LED,32,17999,23999,Android,4.2
182,MICROMAX,Full HD LED,43,22999,26990,Android,3.9
183,SAMSUNG,QLED Ultra HD,55,159500,244900,Tizen,4.4
184,MICROMAX,Full HD LED,43,23990,33000,Android,4.3
185,LG ,144Hz,43,47499,75343,WebOS,4.5
186,LG ,144Hz,43,46969,64990,WebOS,
187,TCL ,Full HD LED,75,144790,259990,Android,4.3
188,LG ,HD LED,32,22200,25999,WebOS,4.3
189,CANDES ,HD LED,24,9999,17990,Android,4.1
190,SAMSUNG,144Hz,50,55790,69900,Tizen,
191,SAMSUNG,QLED Ultra HD,55,89390,134900,Tizen,
192,LG ,144Hz,43,46590,59990,WebOS,4.5
193,LG ,Full HD LED,55,103990,103990,WebOS,4.2
194,SAMSUNG,144Hz,65,85990,116900,Tizen,4.3
195,SAMSUNG,QLED Ultra HD,65,318700,399900,Tizen,
196,SAMSUNG,144Hz,43,44870,54900,Tizen,
197,SAMSUNG,144Hz,43,38999,48900,Tizen,4.3
198,MI ,HD LED,32,14999,14999,Android,4.4
199,LG ,144Hz,55,57200,84990,WebOS,
200,LG ,144Hz,65,139999,254990,WebOS,
201,DYANORA,Full HD LED,42,18499,32999,Android,
202,SONY ,144Hz,65,169900,239900,Linux,
203,IFFALCON BY TCL,QLED Ultra HD,65,84999,229990,Android,4.3
204,SONY ,144Hz,55,102290,139900,Android,
205,DYANORA,HD LED,32,10999,15999,Android,4.3
206,LG ,144Hz,65,199999,349990,WebOS,4.4
207,LG ,144Hz,55,99999,166990,WebOS,
208,LG ,144Hz,55,155879,226990,WebOS,
209,LG ,144Hz,65,279990,399990,WebOS,
210,SAMSUNG,144Hz,55,64299,86900,Tizen,4.6
211,SONY ,144Hz,75,199491,299900,Linux,4.7
212,SAMSUNG,QLED Ultra HD,65,224999,279900,Tizen,5.0
213,SAMSUNG,144Hz,55,104900,104900,Tizen,4.4
214,LG ,144Hz,43,43599,59990,WebOS,
215,HISENSE,HD LED,32,18490,24990,Android,
216,LG ,Full HD LED,43,36499,41990,WebOS,4.4
217,SAMSUNG,QLED Ultra HD,55,144990,199990,Tizen,
218,LG ,144Hz,55,128100,209990,WebOS,
219,TCL ,144Hz,55,55499,89900,Android,4.3
220,MICROMAX,144Hz,49,42490,59990,Android,4.2
221,LG ,144Hz,55,63990,91990,WebOS,4.7
222,SAMSUNG,QLED Ultra HD,55,163738,211900,Tizen,
223,BLAUPUNKT,144Hz,65,55999,75999,Android,
224,IFFALCON BY TCL,144Hz,55,36999,59990,Android,4.3
225,SONY ,144Hz,65,113999,179900,Android,4.4
226,HAIER ,Full HD LED,42,28240,43990,Android,5.0
227,SAMSUNG,144Hz,65,295900,295900,Tizen,
228,SONY ,144Hz,65,469999,529900,Android,5.0
229,PANASONIC,144Hz,55,62738,82990,Linux,
230,SONY ,144Hz,75,259999,499900,Android,3.7
231,LG ,144Hz,65,249999,409990,WebOS,4.8
232,TOSHIBA,144Hz,50,33999,46990,VIDAA,4.3
233,LG ,Full HD LED,49,77990,77990,WebOS,4.8
234,TOSHIBA,HD LED,32,17499,18990,VIDAA,4.3
235,IFFALCON BY TCL,144Hz,75,149999,239999,Android,4.2
236,PANASONIC,Full HD LED,32,22990,24990,Android,4.2
237,LG ,144Hz,65,93999,129990,WebOS,4.5
238,SAMSUNG,144Hz,50,53200,64990,Tizen,
239,T-SERIES,HD LED,32,12499,14990,Linux,3.7
240,SAMSUNG,QLED Ultra HD,65,148990,259900,Tizen,
241,SAMSUNG,144Hz,43,49990,62900,Tizen,
242,ONIDA,Full HD LED,40,17999,29990,Android,4.1
243,LG ,144Hz,65,262999,364990,WebOS,
244,LG ,144Hz,55,149999,229990,WebOS,4.3
245,LG ,144Hz,65,224999,379990,WebOS,5.0
246,HAIER ,144Hz,43,34999,43990,Android,4.1
247,SONY ,HD LED,32,26374,29800,Android,4.4
248,SONY ,Full HD LED,50,60291,64900,Linux,4.5
249,SANSUI ,144Hz,55,119990,119990,Android,4.3
250,TCL ,144Hz,55,47499,79990,Android,3.9
251,VU,144Hz,55,41999,58000,Android,4.4
252,RGL ,HD LED,24,9990,12990,HomeOS,4.0
253,SAMSUNG,144Hz,65,294900,294900,Tizen,4.7
254,LG ,144Hz,70,94990,169990,WebOS,
255,MI ,HD LED,32,15999,15999,Android,4.4
256,KODAK ,HD LED,32,11499,20990,Android,4.3
257,SAMSUNG,Full HD LED,43,38990,56945,Tizen,
258,SONY ,144Hz,65,259999,449900,Android,4.3
259,SAMSUNG,144Hz,65,159500,234900,Tizen,4.6
260,LG ,144Hz,65,164999,264990,WebOS,4.7
261,SONY ,144Hz,65,149999,244900,Android,4.7
262,SAMSUNG,QLED Ultra HD,49,74990,129900,Tizen,4.7
263,PHILIPS,Full HD LED,43,28999,35990,Linux,4.1
264,ONIDA,144Hz,58,53199,79990,Android,4.2
265,SAMSUNG,144Hz,75,169990,254900,Tizen,
266,SAMSUNG,QLED Ultra HD,55,84999,133900,Tizen,4.6
267,LG ,144Hz,55,124999,177990,WebOS,4.4
268,LG ,144Hz,75,385099,549990,WebOS,
269,CANDES ,HD LED,32,11299,22690,Android,3.9
270,SAMSUNG,144Hz,49,179900,179900,Tizen,4.3
271,SAMSUNG,Full HD LED,43,62900,62900,Tizen,3.9
272,SONY ,144Hz,55,80799,94900,Linux,4.6
273,SONY ,144Hz,49,64599,76900,Android,4.6
274,DYANORA,HD LED,32,12499,18999,Android,
275,MOTOROLA,144Hz,43,30999,46050,Android,4.3
276,SAMSUNG,QLED Ultra HD,65,470900,470900,Tizen,
277,SONY ,144Hz,55,129990,155990,Linux,
278,SAMSUNG,144Hz,55,61890,79400,Tizen,
279,SAMSUNG,QLED Ultra HD,65,199990,284990,Tizen,
280,SAMSUNG,144Hz,55,204900,204900,Tizen,3.0
281,TCL ,Full HD LED,40,26990,39990,Android,4.2
282,LG ,144Hz,55,64990,102990,WebOS,4.3
283,SAMSUNG,QLED Ultra HD,55,314900,314900,Tizen,
284,SANSUI ,144Hz,55,69200,69200,Android,3.7
285,LLOYD ,144Hz,65,74999,153990,Linux,4.8
286,SONY ,144Hz,55,109999,164900,Android,3.6
287,THOMSON,HD LED,32,16999,16999,Android,4.1
288,LG ,144Hz,55,61999,94990,WebOS,
289,PHILIPS,HD LED,32,18999,20990,Android,4.1
290,SAMSUNG,144Hz,49,64499,99900,Tizen,4.5
291,LG ,144Hz,55,81999,149990,WebOS,4.8
292,PANASONIC,HD LED,32,28399,28400,Android,4.2
293,LG ,144Hz,65,199999,349990,WebOS,
294,SAMSUNG,144Hz,65,89990,124990,Tizen,
295,LUMX ,Full HD LED,43,21990,46900,Android,
296,SAMSUNG,QLED Ultra HD,43,59700,82400,Tizen,
297,LG ,144Hz,65,269999,339990,WebOS,
298,SAMSUNG,144Hz,75,239999,394900,Tizen,
299,SAMSUNG,144Hz,55,241900,241900,Tizen,3.9
300,SAMSUNG,144Hz,65,122299,209900,Tizen,4.7
301,SONY ,144Hz,55,164999,329900,Android,4.7
302,LG ,Full HD LED,49,74990,74990,WebOS,4.5
303,SONY ,144Hz,65,179999,224900,Android,4.9
304,SAMSUNG,QLED Ultra HD,65,258999,419900,Tizen,
305,SONY ,144Hz,65,112100,179990,Android,4.7
306,SONY ,HD LED,32,26990,29900,Linux,4.4
307,SANSUI ,HD LED,32,21499,22990,Android,
308,LG ,Full HD LED,43,38899,45900,WebOS,3.7
309,SAMSUNG,144Hz,55,62980,80000,Tizen,
310,LG ,144Hz,65,89978,149990,WebOS,
311,PANASONIC,144Hz,55,50499,65490,Linux,
312,TCL ,144Hz,65,86091,109990,Android,4.3
313,SAMSUNG,Full HD LED,55,118900,118900,Tizen,4.0
314,SONY ,144Hz,50,81990,99900,Android,4.7
315,SAMSUNG,144Hz,49,129900,129900,Tizen,4.4
316,LG ,Full HD LED,49,64900,64900,WebOS,4.2
317,CROMA ,144Hz,55,50990,75000,FireTV OS,
318,SAMSUNG,HD LED,32,18490,22500,Tizen,4.0
319,LG ,144Hz,55,114999,189990,WebOS,2.7
320,CANDES ,Full HD LED,40,15999,29990,Android,4.1
321,SAMSUNG,144Hz,65,89990,115990,Tizen,
322,PHILIPS,144Hz,50,37999,105990,Android,4.2
323,IFFALCON BY TCL,144Hz,55,43999,73990,Android,4.4
324,SAMSUNG,144Hz,50,125900,125900,Tizen,4.3
325,MICROMAX,HD LED,32,15990,22990,Android,4.2
326,LG ,144Hz,49,80990,80990,WebOS,4.5
327,LG ,144Hz,65,149999,219990,WebOS,5.0
328,LG ,Full HD LED,49,67990,67990,WebOS,4.5
329,SAMSUNG,144Hz,50,51990,67069,Tizen,4.0
330,SAMSUNG,QLED Ultra HD,55,274900,274900,Tizen,5.0
331,LG ,144Hz,55,324990,324990,WebOS,4.6
332,ONIX ,144Hz,50,49990,59990,Android,
333,SAMSUNG,QLED Ultra HD,50,69990,99990,Tizen,4.0
334,SAMSUNG,Full HD LED,43,45785,45900,Tizen,
335,SAMSUNG,QLED Ultra HD,55,121999,143900,Tizen,4.3
336,CROMA ,HD LED,32,14990,25000,FireTV OS,
337,ACER,HD LED,32,14999,22990,Android,3.9
338,SAMSUNG,Full HD LED,48,49990,77900,Tizen,3.7
339,SAMSUNG,144Hz,75,159990,266900,Tizen,
340,IFFALCON BY TCL,QLED Ultra HD,65,156990,156990,Android,
341,SAMSUNG,144Hz,43,44990,78000,Tizen,
342,SAMSUNG,QLED Ultra HD,65,162900,209900,Tizen,
343,SAMSUNG,144Hz,55,145900,145900,Tizen,4.8
344,LG ,144Hz,65,109999,209990,WebOS,5.0
345,DYANORA,144Hz,50,27599,40999,Android,
346,IMPEX ,HD LED,32,28690,28690,HomeOS,
347,SAMSUNG,144Hz,43,89850,89850,Tizen,4.1
348,LG ,144Hz,65,349999,499990,WebOS,
349,SAMSUNG,QLED Ultra HD,55,139990,209900,Tizen,
350,SONY ,144Hz,65,142499,199900,Android,
351,SAMSUNG,144Hz,65,167199,269900,Tizen,
352,IMPEX ,HD LED,39,29079,39990,HomeOS,4.2
353,LG ,144Hz,49,120989,120990,WebOS,4.4
354,CROMA ,Full HD LED,43,31990,40000,Android,
355,SONY ,144Hz,43,63990,72900,Linux,4.4
356,SAMSUNG,QLED Ultra HD,55,105990,162900,Tizen,
357,IMPEX ,HD LED,40,28399,45990,HomeOS,
358,VU,QLED Ultra HD,85,259999,350000,Android,4.4
359,SAMSUNG,144Hz,55,154900,154900,Tizen,5.0
360,CANDES ,Full HD LED,40,15999,29990,Android,4.1
361,SONY ,144Hz,50,72715,92900,Android,
362,SAMSUNG,Full HD LED,49,65999,82500,Tizen,4.3
363,SAMSUNG,QLED Ultra HD,65,144900,229990,Tizen,
364,LG ,144Hz,65,229000,359990,WebOS,
365,TCL ,HD LED,32,15000,29990,Android,4.2
366,SANSUI ,144Hz,43,29490,32290,Android,4.1
367,SAMSUNG,QLED Ultra HD,65,122290,222900,Tizen,4.5
368,SAMSUNG,144Hz,55,284900,284900,Tizen,3.6
369,SAMSUNG,144Hz,65,103990,135900,Tizen,
370,LG ,144Hz,55,97990,139989,WebOS,
371,SAMSUNG,HD LED,24,15200,15200,Tizen,4.2
372,VU,144Hz,55,46899,75000,Android,4.4
373,CANDES ,HD LED,24,9999,17990,Android,4.1
374,HISENSE,HD LED,32,17499,17990,Android,4.2
375,ONIDA,HD LED,39,23990,31990,Android,3.9
376,SAMSUNG,Full HD LED,49,45700,66900,Tizen,4.2
377,CANDES ,Full HD LED,40,15999,29990,Android,4.1
378,SAMSUNG,144Hz,49,146900,146900,Tizen,4.5
379,LG ,Full HD LED,49,40000,65900,Linux,4.2
380,BPL ,144Hz,55,50490,73000,Android,
381,DYANORA,HD LED,24,7999,10999,Android,4.3
382,SAMSUNG,HD LED,32,19599,25900,Tizen,4.3
383,SAMSUNG,QLED Ultra HD,65,219990,257900,Tizen,
384,SAMSUNG,QLED Ultra HD,55,89990,163900,Tizen,4.7
385,CROMA ,144Hz,43,35990,50000,FireTV OS,5.0
386,CLOUDWALKER,144Hz,65,59999,94990,Android,4.0
387,TCL ,QLED Ultra HD,55,47990,99990,Android,
388,MARQ BY FLIPKART,144Hz,65,64999,94499,Android,4.4
389,LG ,144Hz,75,189999,284990,WebOS,3.0
390,PANASONIC,144Hz,65,86890,93500,Linux,
391,SAMSUNG,QLED Ultra HD,50,69744,99900,Tizen,
392,NOKIA ,144Hz,65,57999,79999,Android,4.3
393,THOMSON,HD LED,32,13499,15499,Android,4.4
394,SAMSUNG,Full HD LED,43,36990,38900,Tizen,4.1
395,THOMSON,Full HD LED,43,20499,25999,Android,4.4
396,BLAUPUNKT,HD LED,32,12999,19499,Android,4.4
397,LLOYD ,HD LED,32,20990,25900,Linux,4.8
398,OXYGEN ,144Hz,50,35990,52990,Android,
399,PANASONIC,144Hz,65,90314,119990,Linux,
400,CROMA ,HD LED,32,20990,30000,Android,3.7
401,CROMA ,Full HD LED,43,30990,40000,FireTV OS,
402,MICROMAX,HD LED,32,23989,23990,Android,4.2
403,SAMSUNG,HD LED,32,23000,25900,Tizen,4.4
404,POWER GUARD,HD LED,32,15499,24990,Android,
405,AKAI ,144Hz,65,72940,124990,Android,
406,VG ,144Hz,43,24990,51000,Android,
407,CROMA ,HD LED,32,19490,25000,FireTV OS,
408,INFINIX,Full HD LED,40,18999,26990,Android,4.2
409,ADSUN,HD LED,24,6799,10999,Android,3.8
410,TCL ,144Hz,65,68990,127445,Android,4.5
411,KODAK ,Full HD LED,43,22499,24999,Android,4.4
412,MOTOROLA,Full HD LED,43,27999,35500,Android,4.3
413,ONIX ,Full HD LED,43,29990,38790,Android,4.9
414,SUN KING,HD LED,32,24999,49998,,
415,LG ,144Hz,48,105990,110690,WebOS,
416,LG ,144Hz,65,174999,209990,WebOS,
417,TCL ,HD LED,32,15499,22990,Android,4.2
418,ONIX ,Full HD LED,43,39000,46990,Android,
419,TCL ,144Hz,55,104999,239990,Android,
420,SAMSUNG,144Hz,55,149900,149900,Tizen,
421,HAIER ,Full HD LED,43,30490,38990,Android,4.3
422,VG ,HD LED,39,18990,26000,Android,
423,SAMSUNG,144Hz,49,129900,129900,Tizen,3.4
424,LG ,Full HD LED,49,77900,77900,WebOS,4.1
425,SAMSUNG,144Hz,49,136500,136500,Tizen,4.4
426,KODAK ,HD LED,32,11499,15999,Android,4.1
427,ONIX ,HD LED,32,15990,16990,Android,
428,LG ,144Hz,48,103990,199990,WebOS,
429,SAMSUNG,QLED Ultra HD,49,84990,110900,Tizen,
430,SANSUI ,144Hz,43,34999,34999,Android,4.3
431,PANASONIC,HD LED,32,21078,25490,Android,
432,SANSUI ,HD LED,32,16990,20990,Linux,4.1
433,SAMSUNG,Full HD LED,43,48900,48900,Tizen,4.2
434,CANDES ,Full HD LED,40,15999,29990,Android,4.1
435,SAMSUNG,144Hz,65,94990,145900,Tizen,2.8
436,COMPAQ ,QLED Ultra HD,65,99999,229990,Android,4.4
437,PANASONIC,144Hz,65,103353,129990,Linux,
438,HUIDI ,HD LED,32,10999,18599,Android,4.0
439,IMPEX ,HD LED,32,29790,29790,HomeOS,
440,HUIDI ,HD LED,24,7499,10999,Android,4.0
441,LG ,HD LED,32,18450,19990,Linux,4.2
442,ADSUN,HD LED,32,9799,21999,Android,3.8
443,MICROMAX,HD LED,32,13999,24990,Android,3.7
444,CROMA ,HD LED,32,15990,20000,Android,
445,SANSUI ,HD LED,32,15290,20990,Linux,
446,TCL ,QLED Ultra HD,65,89999,189990,Android,4.4
447,HUIDI ,HD LED,40,16999,27999,Android,4.0
448,COOCAA ,HD LED,32,12499,25990,Android,4.2
449,TCL ,QLED Ultra HD,55,59999,189990,Android,3.9
450,SANSUI ,Full HD LED,40,24990,29290,Linux,3.7
451,INTEX ,HD LED,39,19800,33330,Android,4.2
452,SAMSUNG,QLED Ultra HD,49,64990,101900,Tizen,4.8
453,SAMSUNG,QLED Ultra HD,55,105990,189990,Tizen,
454,LUMX ,HD LED,32,11990,26900,Android,3.7
455,CANDES ,Full HD LED,43,20999,38490,Android,4.1
456,HAIER ,144Hz,65,69590,106990,Android,
457,HAIER ,144Hz,65,99999,149990,Android,
458,LLOYD ,Full HD LED,39,22990,32990,Linux,4.1
459,SAMSUNG,HD LED,32,17999,23890,Tizen,4.2
460,DETEL ,144Hz,55,35199,89000,Android,4.0
461,BPL ,144Hz,50,42490,60000,Android,
462,LG ,144Hz,49,59999,110990,WebOS,4.3
463,LG ,144Hz,65,99990,169990,WebOS,4.5
464,HAIER ,HD LED,32,18590,31090,Android,
465,JVC,144Hz,55,37999,59999,Android,4.1
466,PANASONIC,144Hz,43,35999,84900,Linux,4.4
467,HAIER ,HD LED,32,18290,22990,Android,4.0
468,T-SERIES,HD LED,40,19999,28990,Android,
469,T-SERIES,HD LED,32,15990,16990,Linux,
470,LLOYD ,HD LED,32,18689,26957,Linux,
471,LLOYD ,Full HD LED,43,34990,48990,Linux,
472,BPL ,HD LED,32,16499,27000,Android,3.7
473,LG ,144Hz,49,58999,90990,WebOS,4.3
474,BPL ,HD LED,43,28990,35999,Android,
475,SAMSUNG,HD LED,32,26900,26900,Tizen,4.0
476,SONY ,144Hz,65,191492,364900,Android,3.8
477,LLOYD ,144Hz,50,44999,84990,Linux,4.3
478,LG ,144Hz,65,189999,299990,WebOS,2.7
479,CANDES ,HD LED,24,8699,15990,Android,3.9
480,SAMSUNG,144Hz,50,52890,70900,Tizen,4.0
481,IMPEX ,Full HD LED,43,27039,32039,HomeOS,4.0
482,HAIER ,Full HD LED,50,42999,59990,Android,
483,LG ,144Hz,43,79990,79990,WebOS,4.4
484,LG ,144Hz,65,84990,129990,WebOS,
485,SAMSUNG,144Hz,55,229900,229900,Tizen,
486,LLOYD ,HD LED,31,16485,22990,Linux,4.3
487,TOSHIBA,144Hz,65,63999,119999,VIDAA,
488,LG ,144Hz,55,62490,79990,WebOS,4.0
489,SAMSUNG,144Hz,55,67990,86900,Tizen,3.9
490,POWER GUARD,144Hz,55,41999,58990,Android,
491,LG ,Full HD LED,43,39290,49990,WebOS,4.2
492,T-SERIES,Full HD LED,43,26999,33990,Android,
493,AKAI ,144Hz,55,46345,59990,Android,
494,POWER GUARD,HD LED,32,13300,19990,Android,
495,POWER GUARD,144Hz,49,34900,54990,Android,
496,CANDES ,HD LED,24,9999,17990,Android,4.1
497,KODAK ,144Hz,49,47990,50999,Android,4.1
498,T-SERIES,HD LED,40,19999,28990,Android,
499,POWER GUARD,QLED Ultra HD,50,51990,59990,Android,
500,JVC,144Hz,43,26990,52000,Android,4.3
501,T-SERIES,HD LED,40,19999,28990,Android,
502,DYANORA,HD LED,40,15499,23999,Android,2.4
503,SAMSUNG,Full HD LED,49,92500,92500,Tizen,4.1
504,POWER GUARD,QLED Ultra HD,55,69990,74990,Android,
505,JVC,144Hz,55,45000,69000,Android,3.9
506,POWER GUARD,144Hz,65,55990,89990,Android,
507,HISENSE,QLED Ultra HD,75,499990,499990,Android,
508,SONY ,144Hz,43,40999,61900,Android,4.6
509,SAMSUNG,Full HD LED,43,31990,38900,Tizen,4.4
510,SAMSUNG,Full HD LED,43,36890,45900,Tizen,4.7
511,SAMSUNG,Full HD LED,43,39999,49900,Tizen,4.3
512,IFFALCON BY TCL,144Hz,65,53499,156990,Android,4.3
513,MI ,144Hz,55,47999,54999,Android,4.4
514,SAMSUNG,144Hz,55,51999,72900,Tizen,4.5
515,MOTOROLA,144Hz,50,34999,54050,Android,4.3
516,TCL ,144Hz,55,38356,89990,Android,
517,TCL ,144Hz,43,29999,55990,Linux,4.1
518,KODAK ,Full HD LED,40,15499,31990,Android,4.3
519,SAMSUNG,Full HD LED,43,34999,58900,Tizen,4.5
520,MICROMAX,HD LED,32,12990,25075,Android,4.0
521,SONY ,144Hz,49,49999,104900,Android,4.5
522,LG ,144Hz,43,36990,52990,WebOS,4.4
523,SONY ,HD LED,32,14023,25900,Android,4.4
524,THOMSON,144Hz,65,47999,79999,Android,4.4
525,THOMSON,Full HD LED,43,17999,26999,Android,4.2
526,SAMSUNG,144Hz,43,43751,77900,Tizen,4.4
527,TCL ,144Hz,55,37319,51990,Linux,4.3
528,LG ,144Hz,75,149990,269900,WebOS,
529,TOSHIBA,144Hz,55,40599,50999,VIDAA,4.3
530,SAMSUNG,144Hz,43,36999,66900,Tizen,4.5
531,PHILIPS,144Hz,65,78999,199990,Android,4.6
532,VU,144Hz,55,29950,49990,Linux,4.4
533,MICROMAX,144Hz,55,49999,69990,Android,4.2
534,LG ,144Hz,43,37890,49990,WebOS,4.5
535,SONY ,144Hz,49,60999,84900,Linux,4.5
536,LG ,144Hz,55,84999,166990,WebOS,4.5
537,SAMSUNG,Full HD LED,43,36514,46900,Tizen,4.5
538,G-TEN ,HD LED,40,15990,35890,Android,3.7
539,LG ,144Hz,49,47249,73990,WebOS,4.3
540,TCL ,144Hz,50,33999,62990,Android,4.4
541,TCL ,144Hz,43,27889,52990,Android,4.4
542,SAMSUNG,HD LED,32,11999,21900,Tizen,4.4
543,LG ,144Hz,65,102890,172990,WebOS,5.0
544,IMPEX ,HD LED,39,19039,26350,HomeOS,
545,LG ,HD LED,28,13945,17990,Linux,4.4
546,SONY ,Full HD LED,40,31999,37990,Android,4.3
547,IFFALCON BY TCL,144Hz,55,31999,70990,Android,4.4
548,SONY ,HD LED,32,20738,22990,Android,5.0
549,TCL ,HD LED,32,15499,25990,Linux,4.1
550,COMPAQ ,QLED Ultra HD,55,59999,99999,Android,4.4
551,SAMSUNG,Full HD LED,43,36999,58900,Tizen,4.3
552,PHILIPS,Full HD LED,43,24999,55990,Linux,4.0
553,HAIER ,Full HD LED,40,25590,36990,Android,4.7
554,SAMSUNG,144Hz,43,36106,69900,Tizen,4.3
555,SAMSUNG,Full HD LED,43,24726,45900,Tizen,3.8
556,TCL ,144Hz,43,25999,48990,Linux,4.1
557,VU,144Hz,75,84999,130000,Linux,4.1
558,SKYWORTH,HD LED,24,8659,12490,,3.0
559,MASER ,HD LED,24,7499,7999,,3.8
560,IMPEX ,Full HD LED,43,36379,52990,HomeOS,4.0
561,SAMSUNG,HD LED,32,15210,27900,Tizen,4.3
562,TCL ,HD LED,24,7499,11990,HomeOS,4.0
563,PHILIPS,Full HD LED,42,42000,42000,Android,3.8
564,MICROMAX,HD LED,32,14999,27990,Android,4.1
565,SANYO ,144Hz,55,50999,76990,Linux,4.5
566,SONY ,144Hz,55,134993,299900,Linux,
567,SONY ,HD LED,32,22999,27990,Linux,4.4
568,MICROMAX,HD LED,20,6498,10590,Android,4.2
569,SONY ,144Hz,55,82493,129900,Android,4.8
570,LG ,HD LED,32,28311,30900,WebOS,3.7
571,VU,HD LED,32,13999,19000,Android,4.3
572,SONY ,144Hz,49,66104,129900,Android,4.4
573,SAMSUNG,144Hz,43,35999,52900,Tizen,4.5
574,PANASONIC,Full HD LED,43,36999,49900,Android,4.4
575,LG ,144Hz,50,44990,66990,WebOS,4.4
576,LG ,HD LED,24,14771,15900,Linux,4.4
577,MICROMAX,HD LED,32,10499,19990,Android,4.3
578,SAMSUNG,HD LED,32,17499,20900,Tizen,4.3
579,VU,Full HD LED,40,16999,32175,Android,4.4
580,SAMSUNG,Full HD LED,40,19929,43476,Tizen,4.3
581,TCL ,QLED Ultra HD,75,149990,399990,Android,3.9
582,IFFALCON BY TCL,144Hz,43,29999,76990,Android,4.3
583,PANASONIC,Full HD LED,49,42999,72900,Linux,4.2
584,VU,Full HD LED,43,22499,31000,Android,4.2
585,MURPHY ,Full HD LED,32,12990,16990,,
586,HISENSE,QLED Ultra HD,65,84990,109990,Android,
587,CLOUDWALKER,144Hz,55,36999,61990,Android,4.1
588,SONY ,Full HD LED,32,31990,39990,Linux,4.5
589,SANYO ,144Hz,49,39999,64990,Linux,3.9
590,PANASONIC,Full HD LED,43,27990,56900,Android,4.1
591,VU,144Hz,50,37254,60000,Android,4.3
592,LG ,144Hz,55,115658,212490,WebOS,4.6
593,SONY ,144Hz,65,152999,269900,Android,4.5
594,MICROMAX,Full HD LED,40,18990,36663,Android,4.2
595,LG ,Full HD LED,22,13933,14500,Linux,4.6
596,LG ,HD LED,24,14495,14500,Linux,4.4
597,SONY ,144Hz,65,140791,209900,Android,4.8
598,VU,144Hz,50,27999,55000,Android,4.4
599,MI ,144Hz,55,43477,44999,Android,
600,TCL ,Full HD LED,40,19489,36419,Linux,4.1
601,PANASONIC,144Hz,65,114999,179900,Linux,4.8
602,LG ,144Hz,43,36999,55990,WebOS,4.5
603,LG ,HD LED,32,19603,26490,Linux,4.4
604,SAMSUNG,Full HD LED,50,36900,36900,Tizen,3.8
605,PHILIPS,144Hz,55,48999,89990,Android,4.0
606,MICROMAX,HD LED,22,8900,10000,Android,4.2
607,VU,144Hz,50,50000,50000,Android,4.4
608,MI ,Full HD LED,49,32994,32999,Android,4.4
609,INTEX ,HD LED,32,12699,27990,Android,3.6
610,KODAK ,Full HD LED,49,22999,31990,Android,4.3
611,PHILIPS,HD LED,32,10840,24990,Android,4.1
612,ONIDA,Full HD LED,49,29990,50990,Android,4.4
613,DEKTRON,HD LED,24,6999,10999,Linux,4.3
614,RGL ,Full HD LED,21,5200,9420,HomeOS,3.9
615,SONY ,Full HD LED,52,37900,37900,Linux,4.6
616,CLOUDWALKER,Full HD LED,43,17499,32990,Android,4.3
617,LG ,HD LED,24,15552,16900,Linux,2.0
618,TOSHIBA,144Hz,43,28999,38999,VIDAA,
619,LG ,Full HD LED,22,12453,13500,Linux,4.1
620,IFFALCON BY TCL,HD LED,32,13990,18990,Android,4.2
621,LG ,Full HD LED,32,32527,38900,WebOS,4.3
622,SAMSUNG,Full HD LED,40,33000,43850,Tizen,3.8
623,MICROMAX,HD LED,24,5792,11990,Android,4.3
624,CLOUDWALKER,144Hz,55,84500,84500,Android,3.7
625,SAMSUNG,Full HD LED,32,20126,40900,Tizen,4.4
626,SAMSUNG,Full HD LED,32,15990,34900,Tizen,4.2
627,VU,HD LED,32,14999,15000,Android,4.3
628,LUMX ,HD LED,32,11990,23900,Android,
629,PANASONIC,Full HD LED,43,53999,59900,Android,4.4
630,RGL ,Full HD LED,22,5490,9990,HomeOS,3.9
631,LG ,Full HD LED,32,31990,31990,WebOS,4.4
632,CLOUDWALKER,HD LED,32,11999,19990,Android,4.3
633,SHARP ,144Hz,50,37396,79990,Linux,
634,CANDES ,Full HD LED,40,15999,29990,Android,4.1
635,AKAI ,HD LED,32,17500,23190,Android,
636,SONY ,Full HD LED,50,52999,79900,Linux,4.5
637,LG ,Full HD LED,43,25999,35990,WebOS,4.3
638,CANDES ,HD LED,24,9999,17990,Android,4.1
639,ONIDA,144Hz,43,29800,49990,Android,4.1
640,MOTOROLA,144Hz,55,39999,61600,Android,4.3
641,VU,144Hz,43,23999,46165,Android,4.3
642,CLOUDWALKER,Full HD LED,39,14999,26990,Android,4.2
643,LG ,HD LED,32,20776,28990,WebOS,4.5
644,CLOUDWALKER,HD LED,32,17989,17990,Android,4.3
645,CLOUDWALKER,Full HD LED,43,21999,31990,Android,4.0
646,LG ,HD LED,24,6765,13490,Linux,4.3
647,DETEL ,HD LED,32,7833,21999,Android,4.2
648,VU,HD LED,32,10999,18000,Android,4.4
649,CLOUDWALKER,144Hz,43,24999,37990,Android,3.9
650,PANASONIC,HD LED,32,27399,27400,Android,4.4
651,PANASONIC,144Hz,49,62999,111900,Android,2.8
652,PANASONIC,144Hz,55,90104,178900,Linux,
653,LG ,Full HD LED,43,24930,45674,Linux,4.0
654,MICROMAX,HD LED,32,16825,23990,Android,4.3
655,PANASONIC,Full HD LED,32,62900,62900,Android,
656,KRISONS,HD LED,20,6599,7999,Android,
657,PANASONIC,Full HD LED,40,34639,39900,Android,4.1
658,THOMSON,144Hz,43,24999,39999,Android,4.4
659,WESTON ,144Hz,55,59990,59990,Android,4.2
660,SAMSUNG,HD LED,32,13990,28900,Tizen,4.5
661,TCL ,144Hz,65,159990,159990,Android,
662,PANASONIC,HD LED,32,26999,29900,Android,4.2
663,CROMA ,HD LED,32,13994,20000,Android,3.6
664,TCL ,144Hz,55,116990,116990,Android,
665,BLAUPUNKT,144Hz,55,29199,60000,Android,3.8
666,TCL ,144Hz,65,159990,159990,Android,
667,PANASONIC,HD LED,32,26999,29900,Android,4.2
668,CROMA ,HD LED,32,13994,20000,Android,3.6
669,TCL ,144Hz,55,116990,116990,Android,
670,RGL ,Full HD LED,50,35990,39990,HomeOS,3.9
671,SAMSUNG,Full HD LED,46,87500,87500,Tizen,3.7
672,AISEN  ,144Hz,55,63900,64900,Android,
673,PANASONIC,144Hz,55,168900,168900,Android,3.8
674,AISEN  ,144Hz,49,47900,48900,Android,
675,SAMSUNG,144Hz,55,178900,178900,Tizen,3.9
676,SAMSUNG,Full HD LED,46,145500,145500,Tizen,
677,SAMSUNG,Full HD LED,60,210900,210900,Tizen,
678,SAMSUNG,Full HD LED,55,160500,160500,Tizen,
679,SAMSUNG,Full HD LED,46,139990,139990,Tizen,4.5
680,SAMSUNG,Full HD LED,55,189900,189900,Tizen,4.6
681,SAMSUNG,Full HD LED,55,267000,267000,Tizen,4.2
682,G-TEN ,Full HD LED,43,14990,38990,Android,3.5
683,ONIDA,Full HD LED,43,28999,33990,Android,4.1
684,SAMSUNG,Full HD LED,55,218900,218900,Tizen,
685,SAMSUNG,Full HD LED,55,249990,249990,Tizen,4.3
686,LG ,Full HD LED,47,112000,112000,WebOS,5.0
687,SAMSUNG,HD Plasma,43,45000,45000,Tizen,4.0
688,SAMSUNG,Full HD LED,55,246900,246900,Tizen,
689,LG ,144Hz,49,70556,84900,WebOS,
690,ONIDA,HD LED,32,14990,25000,Android,4.1
691,LG ,Full HD LED,49,62743,71900,WebOS,
692,LG ,144Hz,55,131825,154900,WebOS,3.8
693,LG ,Full HD LED,49,58988,66900,WebOS,4.0
694,LG ,Full HD LED,47,105000,105000,WebOS,
695,SAMSUNG,144Hz,55,178500,178500,Tizen,3.8
696,SAMSUNG,HD Plasma,49,68000,68000,Tizen,3.3
697,LG ,144Hz,49,95007,117900,WebOS,3.4
698,PANASONIC,Full HD LED,40,49000,50000,Android,
699,LG ,144Hz,49,77277,103900,WebOS,4.3
700,RGL ,Full HD LED,39,16490,29990,HomeOS,3.9
701,LG ,Full HD LED,55,250000,250000,WebOS,
702,LG ,144Hz,49,102325,119900,WebOS,
703,LG ,Full HD LED,49,67260,74900,WebOS,3.6
704,LG ,144Hz,55,159589,189900,WebOS,3.9
705,TCL ,144Hz,43,47990,47990,Android,3.7
706,LG ,HD Plasma,50,57990,57990,WebOS,
707,PANASONIC,Full HD LED,43,30743,50900,Android,4.3
708,LG ,Full HD LED,60,210000,210000,WebOS,4.4
709,SAMSUNG,HD LED,32,35700,35700,Tizen,3.3
710,LG ,144Hz,49,102325,119900,WebOS,
711,LG ,Full HD LED,49,67260,74900,WebOS,3.6
712,LG ,144Hz,55,159589,189900,WebOS,3.9
713,LG ,HD Plasma,50,57990,57990,WebOS,
714,LG ,Full HD LED,60,210000,210000,WebOS,4.4
715,PANASONIC,Full HD LED,43,30743,50900,Android,4.3
716,IMPEX ,Full HD LED,43,54990,54990,Android,
717,AISEN  ,144Hz,65,79990,99900,Android,
718,SAMSUNG,Full HD LED,65,385500,385500,Tizen,
719,LG ,144Hz,55,142237,169900,WebOS,5.0
720,SAMSUNG,Full HD LED,75,419900,419900,Tizen,
721,ONIX ,144Hz,55,67990,67990,Android,
722,G-TEN ,HD LED,40,12999,26350,Android,3.9
723,LG ,Full HD LED,60,190000,190000,WebOS,4.8
724,SAMSUNG,HD LED,48,70500,70500,Tizen,4.0
725,TCL ,144Hz,55,74990,74990,Linux,4.3
726,COMPAQ ,Full HD LED,43,22999,29999,Android,4.2
727,COMPAQ ,144Hz,50,32999,39999,Android,4.4
728,COMPAQ ,HD LED,32,13999,15999,Android,4.2
729,ACER,144Hz,55,39999,54990,Android,3.8
730,ACER,HD LED,32,14999,22990,Android,3.9
731,ACER,144Hz,70,69999,99990,Android,4.3
732,ACER,144Hz,43,34990,34990,Android,3.8
733,ADSUN,HD LED,39,13699,22999,Android,3.8
734,ADSUN,144Hz,55,28499,54999,Android,3.8
735,ADSUN,144Hz,50,23349,43999,Android,3.8
736,ADSUN,HD LED,39,15699,21999,Android,3.8
737,AISEN  ,144Hz,43,33950,34950,Android,
738,AISEN  ,HD LED,40,17990,24990,Android,3.3
739,AISEN  ,HD LED,32,12990,13990,Android,
740,AISEN  ,Full HD LED,32,17990,31900,Android,
741,AISEN  ,HD LED,24,8990,9990,Android,
742,AKAI ,144Hz,65,72940,124990,Android,
743,AKAI ,QLED Ultra HD,55,55947,99990,Android,
744,AKAI ,144Hz,55,46345,59990,Android,
745,BLAUPUNKT,HD LED,32,7999,18000,Android,4.2
746,BLAUPUNKT,HD LED,24,5999,11000,Android,4.1
747,BLAUPUNKT,HD LED,32,9999,22000,Android,4.1
748,BLAUPUNKT,144Hz,49,25999,45000,Android,4.0
749,BLAUPUNKT,Full HD LED,43,15999,32000,Android,4.2
750,BLAUPUNKT,Full HD LED,40,15999,28000,Android,4.1
751,BLAUPUNKT,144Hz,43,21999,40000,Android,3.9
752,BLAUPUNKT,144Hz,49,28999,55000,Android,4.1
753,COOCAA ,144Hz,50,28990,53990,Android,4.1
754,COOCAA ,144Hz,50,25999,59990,Android,4.3
755,COOCAA ,144Hz,55,31999,69999,Android,4.3
756,DEKTRON,HD LED,19,5499,8999,Linux,
757,DEKTRON,HD LED,22,6999,10999,Linux,
758,DEKTRON,HD LED,20,7399,9999,Linux,
759,DETEL ,HD LED,32,11300,23999,Android,3.9
760,G-TEN ,Full HD LED,43,16490,47990,Android,3.8
761,G-TEN ,HD LED,32,9990,17990,Android,4.3
762,G-TEN ,144Hz,50,22499,58890,Android,3.7
763,G-TEN ,144Hz,55,29399,65990,Android,3.9
764,G-TEN ,HD LED,32,12990,19990,Android,3.8
765,HAIER ,Full HD LED,42,30999,44990,Android,5.0
766,HAIER ,Full HD LED,43,30990,38642,Android,4.5
767,HAIER ,144Hz,50,38590,54990,Android,4.3
768,HAIER ,HD LED,32,21599,25990,Android,4.0
769,HAIER ,144Hz,55,54499,89990,Android,4.6
770,HAIER ,144Hz,50,42000,69990,Android,4.0
771,HAIER ,144Hz,55,47899,77990,Android,
772,HAIER ,HD LED,39,15990,31999,Android,4.3
773,HAIER ,HD LED,32,7739,19990,Android,4.0
774,HUIDI ,HD LED,32,9499,16599,Android,4.0
775,HUIDI ,144Hz,49,26999,36999,Android,4.5
776,HUIDI ,144Hz,55,36999,46999,Android,
777,IFFALCON BY TCL,144Hz,50,28999,58990,Android,4.3
778,IFFALCON BY TCL,144Hz,55,113990,113990,Android,
779,IFFALCON BY TCL,144Hz,65,49999,99990,Android,
780,IMPEX ,HD LED,32,9999,16990,HomeOS,3.6
781,IMPEX ,HD LED,32,11390,18190,HomeOS,4.7
782,IMPEX ,HD LED,24,7999,12990,HomeOS,4.4
783,IMPEX ,144Hz,55,60859,89990,Android,
784,IMPEX ,Full HD LED,50,31000,49990,Android,
785,INTEX ,HD LED,38,19800,34600,Android,5.0
786,INTEX ,Full HD LED,55,49900,49900,Android,4.3
787,INTEX ,Full HD LED,50,29499,39999,Android,3.8
788,INTEX ,Full HD LED,43,23688,47990,Android,4.2
789,INTEX ,Full HD LED,43,35999,35999,Android,4.2
790,JVC,144Hz,65,55000,109000,Android,4.1
791,JVC,HD LED,32,16990,21000,Android,4.1
792,JVC,HD LED,24,12999,12999,Android,3.8
793,KRISONS,HD LED,19,5499,7999,Android,
794,KRISONS,HD LED,17,5499,6999,Android,
795,LLOYD ,Full HD LED,43,34990,48990,Linux,
796,LLOYD ,144Hz,50,44999,84990,Linux,4.3
797,LLOYD ,HD LED,32,18689,26957,Linux,
798,LLOYD ,Full HD LED,39,22990,39990,Linux,3.8
799,LLOYD ,Full HD LED,48,39999,50990,Linux,
800,LLOYD ,144Hz,43,33999,69990,Linux,4.2
801,LLOYD ,HD LED,32,14990,19990,Linux,4.3
802,LLOYD ,144Hz,42,25990,59900,Linux,3.5
803,LLOYD ,Full HD LED,55,114990,114990,Linux,
804,LLOYD ,Full HD LED,46,55990,55990,Linux,5.0
805,LLOYD ,HD LED,32,11000,20990,Linux,3.7
806,LLOYD ,HD LED,24,8103,15990,Linux,3.7
807,LLOYD ,144Hz,55,51999,99990,Linux,3.7
808,LLOYD ,HD LED,24,13200,14990,Linux,2.5
809,LLOYD ,Full HD LED,43,25490,39000,Linux,
810,LUMX ,HD LED,24,7290,17900,Android,4.3
811,LUMX ,HD LED,40,29990,29990,Android,
812,LUMX ,144Hz,55,65900,65900,Android,
813,MARQ BY FLIPKART,HD LED,24,7499,14999,,4.2
814,MARQ BY FLIPKART,Full HD LED,24,6999,11499,,4.3
815,MARQ BY FLIPKART,Full HD LED,32,9499,16499,,4.3
816,MARQ BY FLIPKART,HD LED,32,13499,15499,Android,4.1
817,MARQ BY FLIPKART,Full HD LED,40,18999,29499,Linux,4.3
818,MARQ BY FLIPKART,HD LED,32,10499,18499,Linux,4.3
819,MICROMAX,144Hz,43,91990,91990,Android,4.0
820,MICROMAX,Full HD LED,40,29990,29990,Android,4.0
821,MICROMAX,Full HD LED,49,65990,65990,Android,4.4
822,MICROMAX,Full HD LED,50,66990,66990,Android,4.3
823,MICROMAX,Full HD LED,55,71990,71990,Android,4.2
824,MICROMAX,HD LED,24,11999,13490,Android,3.9
825,MICROMAX,Full HD LED,24,6179,13390,Android,4.2
826,MICROMAX,HD LED,20,5364,10990,Android,4.1
827,MOTOROLA,144Hz,55,42999,61999,Android,4.4
828,MURPHY ,Full HD LED,32,13990,14999,,3.7
829,MURPHY ,HD LED,24,7490,12990,,3.0
830,MURPHY ,Full HD LED,32,16799,17999,Android,2.6
831,ONEPLUS,144Hz,50,43999,49999,Android,4.3
832,ONEPLUS,QLED Ultra HD,55,84990,99900,Android,4.8
833,ONEPLUS,144Hz,65,66999,69999,Android,4.3
834,ONEPLUS,QLED Ultra HD,55,62899,69900,Android,4.6
835,ONIDA,HD LED,24,8359,13490,Android,4.2
836,ONIDA,HD LED,32,22990,22990,Android,4.7
837,ONIDA,144Hz,43,33190,52900,Android,4.2
838,ONIDA,Full HD LED,32,56990,56990,Android,5.0
839,ONIDA,Full HD LED,32,35990,35990,Android,4.7
840,ONIX ,HD LED,32,19790,19790,Android,
841,ONIX ,HD LED,39,14990,26349,Android,3.7
842,ONIX ,Full HD LED,39,35990,35990,Android,
843,OXYGEN ,144Hz,65,56990,124990,Android,
844,OXYGEN ,144Hz,43,27999,42990,Android,
845,PANASONIC,144Hz,43,30001,79900,HomeOS,4.3
846,PANASONIC,144Hz,49,43259,66900,HomeOS,
847,PANASONIC,144Hz,55,55890,82400,HomeOS,
848,PHILIPS,Full HD LED,43,28999,35990,Linux,4.0
849,PHILIPS,HD LED,32,18999,20990,Linux,4.0
850,PHILIPS,Full HD LED,43,33459,36990,Android,4.5
851,PHILIPS,Full HD LED,22,6649,12990,,3.9
852,POWER GUARD,HD LED,24,10990,12990,HomeOS,
853,POWER GUARD,HD LED,24,11999,14990,Android,
854,POWER GUARD,HD LED,32,13300,19990,HomeOS,
855,POWER GUARD,HD LED,32,15650,28990,Android,
856,REALME ,HD LED,32,11999,21999,Linux,4.3
857,REALME ,144Hz,55,46999,69999,Android,4.3
858,RGL ,Full HD LED,20,4849,8990,HomeOS,3.9
859,RGL ,Full HD LED,21,5200,9420,HomeOS,3.9
860,RGL ,Full HD LED,24,5459,12000,HomeOS,3.9
861,RGL ,HD LED,32,11290,16990,HomeOS,3.7
862,WESTON ,Full HD LED,40,27990,27990,Android,4.4
863,WESTON ,Full HD LED,43,37990,37990,Android,3.9
864,WESTON ,144Hz,43,40990,40990,Android,4.3
865,WESTON ,Full HD LED,49,49990,49990,Android,4.4
866,VU,144Hz,65,116000,116000,Linux,4.5
867,VU,Full HD LED,40,16999,27000,Linux,4.4
868,VU,144Hz,43,23999,46165,Linux,4.3
869,VU,144Hz,50,26360,41990,Linux,4.4
870,VG ,HD LED,32,15990,20500,Android,
871,VG ,HD LED,39,17999,31000,Android,
872,T-SERIES,HD LED,32,12499,17990,Linux,
873,T-SERIES,HD LED,32,16499,18990,Android,3.9
874,T-SERIES,HD LED,32,15999,20990,Android,
875,T-SERIES,Full HD LED,40,18499,25990,Android,
876,TOSHIBA,Full HD LED,43,24999,31990,VIDAA,
877,TOSHIBA,144Hz,65,66999,84990,VIDAA,4.5
878,TOSHIBA,Full HD LED,49,29999,51999,VIDAA,
879,TOSHIBA,144Hz,65,96999,133990,VIDAA,
880,TCL ,HD LED,32,6166,19990,HomeOS,4.2
881,TCL ,HD LED,24,6940,15490,HomeOS,4.2
882,TCL ,HD LED,40,8679,29990,HomeOS,4.0
883,SHARP ,Full HD LED,60,229900,229900,Linux,
884,SHARP ,Full HD LED,46,151990,151990,Linux,
885,SHARP ,Full HD LED,70,449900,449900,Linux,
886,SHARP ,Full HD LED,52,199990,199990,Linux,
887,SHARP ,Full HD LED,40,103990,103990,Linux,
888,SHARP ,HD LED,32,15990,22500,Linux,3.0
889,SHARP ,HD LED,24,8220,14990,Linux,3.7
890,SANSUI ,144Hz,43,30490,35350,Linux,4.1
891,SANSUI ,144Hz,55,40999,53290,Linux,4.2
892,SANSUI ,HD LED,32,15290,20990,Linux,
893,SANSUI ,QLED Ultra HD,55,49900,72590,Linux,4.3
894,SANSUI ,144Hz,65,47999,70290,Linux,4.1
895,SANSUI ,Full HD LED,49,25999,49999,Android,4.3
896,SANSUI ,144Hz,49,59990,59990,Linux,
897,SANSUI ,HD LED,24,10500,14900,Android,
898,SONY ,144Hz,55,79290,109900,Linux,4.7
899,SONY ,Full HD LED,43,44900,44900,Linux,4.6
900,SONY ,144Hz,65,118641,183249,Linux,4.7
901,SONY ,144Hz,50,83491,99913,Linux,4.7
902,SONY ,Full HD LED,43,53423,53423,Linux,4.4
903,SONY ,Full HD LED,40,29999,49900,Linux,4.4
904,SONY ,HD LED,32,25990,31990,Linux,4.4
905,SONY ,Full HD LED,32,21223,33900,Linux,4.5
906,SONY ,144Hz,49,54999,114900,Linux,4.6
907,SONY ,Full HD LED,43,44999,57900,Linux,4.4
908,SONY ,Full HD LED,40,41499,51900,Linux,4.6
909,SONY ,144Hz,65,149990,184990,Linux,4.3
910,SONY ,HD LED,32,32900,32900,Linux,4.4
911,SONY ,Full HD LED,43,56900,56900,Linux,4.6
